foldername,filename,name,year,season_code_sf,season_code_ef,episode_code_ef,season_code_fn,episode_code_fn,timecode,creation_datetime,file_format
/Users/ks1v/Stage/movie-screenshots/Ministry of Ungentlemanly Warfare (2024),The.Ministry.Of.Ungentlemanly.Warfare.2024.2160p.DV.HDR[Ben The Men]_00_47_342024-05-26 08-52-57.633.png,,,,,,,,,,
/Users/ks1v/Stage/movie-screenshots/Ministry of Ungentlemanly Warfare (2024),The.Ministry.Of.Ungentlemanly.Warfare.2024.2160p.DV.HDR[Ben The Men]_00_40_382024-05-26 08-45-39.974.png,,,,,,,,,,
/Users/ks1v/Stage/movie-screenshots/Ministry of Ungentlemanly Warfare (2024),The.Ministry.Of.Ungentlemanly.Warfare.2024.2160p.DV.HDR[Ben The Men]_00_05_292024-05-26 08-10-14.097.png,,,,,,,,,,
/Users/ks1v/Stage/movie-screenshots/Ministry of Ungentlemanly Warfare (2024),The.Ministry.Of.Ungentlemanly.Warfare.2024.2160p.DV.HDR[Ben The Men]_00_09_292024-05-26 08-14-14.609.png,,,,,,,,,,
/Users/ks1v/Stage/movie-screenshots/Ministry of Ungentlemanly Warfare (2024),The.Ministry.Of.Ungentlemanly.Warfare.2024.2160p.DV.HDR[Ben The Men]_01_15_022024-05-26 10-35-53.223.png,,,,,,,,,,
/Users/ks1v/Stage/movie-screenshots/Ministry of Ungentlemanly Warfare (2024),The.Ministry.Of.Ungentlemanly.Warfare.2024.2160p.DV.HDR[Ben The Men]_00_51_212024-05-26 09-28-07.191.png,,,,,,,,,,
/Users/ks1v/Stage/movie-screenshots/Ministry of Ungentlemanly Warfare (2024),The.Ministry.Of.Ungentlemanly.Warfare.2024.2160p.DV.HDR[Ben The Men]_00_05_282024-05-26 08-10-12.301.png,,,,,,,,,,
/Users/ks1v/Stage/movie-screenshots/Ministry of Ungentlemanly Warfare (2024),The.Ministry.Of.Ungentlemanly.Warfare.2024.2160p.DV.HDR[Ben The Men]_00_05_222024-05-26 08-10-06.620.png,,,,,,,,,,
/Users/ks1v/Stage/movie-screenshots/Ministry of Ungentlemanly Warfare (2024),The.Ministry.Of.Ungentlemanly.Warfare.2024.2160p.DV.HDR[Ben The Men]_00_09_322024-05-26 08-14-22.939.png,,,,,,,,,,
/Users/ks1v/Stage/movie-screenshots/Ministry of Ungentlemanly Warfare (2024),The.Ministry.Of.Ungentlemanly.Warfare.2024.2160p.DV.HDR[Ben The Men]_00_51_242024-05-26 09-28-09.694.png,,,,,,,,,,
/Users/ks1v/Stage/movie-screenshots/Ministry of Ungentlemanly Warfare (2024),The.Ministry.Of.Ungentlemanly.Warfare.2024.2160p.DV.HDR[Ben The Men]_00_05_572024-05-26 08-10-41.086.png,,,,,,,,,,
/Users/ks1v/Stage/movie-screenshots/Ministry of Ungentlemanly Warfare (2024),The.Ministry.Of.Ungentlemanly.Warfare.2024.2160p.DV.HDR[Ben The Men]_01_07_462024-05-26 10-05-47.987.png,,,,,,,,,,
/Users/ks1v/Stage/movie-screenshots/Ministry of Ungentlemanly Warfare (2024),The.Ministry.Of.Ungentlemanly.Warfare.2024.2160p.DV.HDR[Ben The Men]_00_08_482024-05-26 08-13-33.149.png,,,,,,,,,,
/Users/ks1v/Stage/movie-screenshots/Ministry of Ungentlemanly Warfare (2024),The.Ministry.Of.Ungentlemanly.Warfare.2024.2160p.DV.HDR[Ben The Men]_00_47_262024-05-26 08-52-48.450.png,,,,,,,,,,
/Users/ks1v/Stage/movie-screenshots/Ministry of Ungentlemanly Warfare (2024),The.Ministry.Of.Ungentlemanly.Warfare.2024.2160p.DV.HDR[Ben The Men]_00_47_302024-05-26 08-52-53.621.png,,,,,,,,,,
/Users/ks1v/Stage/movie-screenshots/Ministry of Ungentlemanly Warfare (2024),The.Ministry.Of.Ungentlemanly.Warfare.2024.2160p.DV.HDR[Ben The Men]_00_47_322024-05-26 08-52-55.265.png,,,,,,,,,,
/Users/ks1v/Stage/movie-screenshots/Ministry of Ungentlemanly Warfare (2024),The.Ministry.Of.Ungentlemanly.Warfare.2024.2160p.DV.HDR[Ben The Men]_00_05_312024-05-26 08-10-15.971.png,,,,,,,,,,
/Users/ks1v/Stage/movie-screenshots/Ministry of Ungentlemanly Warfare (2024),The.Ministry.Of.Ungentlemanly.Warfare.2024.2160p.DV.HDR[Ben The Men]_00_47_372024-05-26 08-53-00.922.png,,,,,,,,,,
/Users/ks1v/Stage/movie-screenshots/Ministry of Ungentlemanly Warfare (2024),The.Ministry.Of.Ungentlemanly.Warfare.2024.2160p.DV.HDR[Ben The Men]_00_47_272024-05-26 08-52-50.932.png,,,,,,,,,,
/Users/ks1v/Stage/movie-screenshots/Testament (1983),Testament.webdl.mkv_01_15_182024-03-16 05-39-41.490.png,,,,,,,,,,
/Users/ks1v/Stage/movie-screenshots/Testament (1983),Testament.webdl.mkv_00_20_142024-03-16 04-43-16.088.png,,,,,,,,,,
/Users/ks1v/Stage/movie-screenshots/Testament (1983),Testament.webdl.mkv_00_26_082024-03-16 04-49-45.533.png,,,,,,,,,,
/Users/ks1v/Stage/movie-screenshots/Testament (1983),Testament.webdl.mkv_01_20_552024-03-16 05-45-18.887.png,,,,,,,,,,
/Users/ks1v/Stage/movie-screenshots/Testament (1983),Testament.webdl.mkv_00_22_492024-03-16 04-46-15.796.png,,,,,,,,,,
/Users/ks1v/Stage/movie-screenshots/Testament (1983),Testament.webdl.mkv_00_37_282024-03-16 05-01-46.205.png,,,,,,,,,,
/Users/ks1v/Stage/movie-screenshots/Testament (1983),Testament.webdl.mkv_00_37_362024-03-16 05-01-54.591.png,,,,,,,,,,
/Users/ks1v/Stage/movie-screenshots/Testament (1983),Testament.webdl.mkv_01_22_222024-03-16 05-46-56.423.png,,,,,,,,,,
/Users/ks1v/Stage/movie-screenshots/Testament (1983),Testament.webdl.mkv_01_12_342024-03-16 05-35-26.248.png,,,,,,,,,,
/Users/ks1v/Stage/movie-screenshots/Testament (1983),Testament.webdl.mkv_00_19_532024-03-16 05-37-35.583.png,,,,,,,,,,
/Users/ks1v/Stage/movie-screenshots/Testament (1983),Testament.webdl.mkv_01_23_552024-03-16 05-48-29.559.png,,,,,,,,,,
/Users/ks1v/Stage/movie-screenshots/Testament (1983),Testament.webdl.mkv_01_12_372024-03-16 05-35-31.924.png,,,,,,,,,,
/Users/ks1v/Stage/movie-screenshots/Testament (1983),Testament.webdl.mkv_01_20_072024-03-16 05-44-31.326.png,,,,,,,,,,
/Users/ks1v/Stage/movie-screenshots/Testament (1983),Testament.webdl.mkv_01_21_132024-03-16 05-45-36.766.png,,,,,,,,,,
/Users/ks1v/Stage/movie-screenshots/Testament (1983),Testament.webdl.mkv_00_18_072024-03-16 04-40-38.041.png,,,,,,,,,,
/Users/ks1v/Stage/movie-screenshots/Testament (1983),Testament.webdl.mkv_00_20_092024-03-16 04-43-11.757.png,,,,,,,,,,
/Users/ks1v/Stage/movie-screenshots/Testament (1983),Testament.webdl.mkv_00_27_432024-03-16 04-51-20.133.png,,,,,,,,,,
/Users/ks1v/Stage/movie-screenshots/Testament (1983),Testament.webdl.mkv_00_18_442024-03-16 04-40-55.425.png,,,,,,,,,,
/Users/ks1v/Stage/movie-screenshots/Testament (1983),Testament.webdl.mkv_00_19_322024-03-16 04-42-25.921.png,,,,,,,,,,
/Users/ks1v/Stage/movie-screenshots/Testament (1983),Testament.webdl.mkv_00_27_012024-03-16 04-50-38.331.png,,,,,,,,,,
/Users/ks1v/Stage/movie-screenshots/Testament (1983),Testament.webdl.mkv_00_26_552024-03-16 04-50-32.205.png,,,,,,,,,,
/Users/ks1v/Stage/movie-screenshots/Testament (1983),Testament.webdl.mkv_00_21_002024-03-16 04-44-16.522.png,,,,,,,,,,
/Users/ks1v/Stage/movie-screenshots/Testament (1983),Testament.webdl.mkv_00_22_322024-03-16 04-45-58.295.png,,,,,,,,,,
/Users/ks1v/Stage/movie-screenshots/Testament (1983),Testament.webdl.mkv_00_54_112024-03-16 05-20-02.327.png,,,,,,,,,,
/Users/ks1v/Stage/movie-screenshots/Testament (1983),Testament.webdl.mkv_00_38_132024-03-16 05-02-42.182.png,,,,,,,,,,
/Users/ks1v/Stage/movie-screenshots/Testament (1983),Testament.webdl.mkv_01_15_352024-03-16 05-39-58.675.png,,,,,,,,,,
/Users/ks1v/Stage/movie-screenshots/Testament (1983),Testament.webdl.mkv_00_52_222024-03-16 05-17-42.139.png,,,,,,,,,,
/Users/ks1v/Stage/movie-screenshots/Testament (1983),Testament.webdl.mkv_01_02_022024-03-16 05-25-26.986.png,,,,,,,,,,
/Users/ks1v/Stage/movie-screenshots/Testament (1983),Testament.webdl.mkv_00_47_292024-03-16 05-12-28.653.png,,,,,,,,,,
/Users/ks1v/Stage/movie-screenshots/Testament (1983),Testament.webdl.mkv_00_41_392024-03-16 05-06-28.486.png,,,,,,,,,,
/Users/ks1v/Stage/movie-screenshots/Testament (1983),Testament.webdl.mkv_00_31_032024-03-16 04-54-50.657.png,,,,,,,,,,
/Users/ks1v/Stage/movie-screenshots/Testament (1983),Testament.webdl.mkv_00_07_272024-03-16 04-29-38.083.png,,,,,,,,,,
/Users/ks1v/Stage/movie-screenshots/Testament (1983),Testament.webdl.mkv_01_05_082024-03-16 05-28-47.017.png,,,,,,,,,,
/Users/ks1v/Stage/movie-screenshots/Testament (1983),Testament.webdl.mkv_00_18_492024-03-16 04-41-01.164.png,,,,,,,,,,
/Users/ks1v/Stage/movie-screenshots/Testament (1983),Testament.webdl.mkv_00_07_262024-03-16 04-29-37.075.png,,,,,,,,,,
/Users/ks1v/Stage/movie-screenshots/Testament (1983),Testament.webdl.mkv_01_13_202024-03-16 05-36-23.964.png,,,,,,,,,,
/Users/ks1v/Stage/movie-screenshots/Testament (1983),Testament.webdl.mkv_00_20_522024-03-16 04-44-05.513.png,,,,,,,,,,
/Users/ks1v/Stage/movie-screenshots/Testament (1983),Testament.webdl.mkv_01_16_422024-03-16 05-41-05.751.png,,,,,,,,,,
/Users/ks1v/Stage/movie-screenshots/Testament (1983),Testament.webdl.mkv_01_22_312024-03-16 05-47-05.798.png,,,,,,,,,,
/Users/ks1v/Stage/movie-screenshots/Testament (1983),Testament.webdl.mkv_00_49_142024-03-16 05-14-23.636.png,,,,,,,,,,
/Users/ks1v/Stage/movie-screenshots/Testament (1983),Testament.webdl.mkv_01_24_132024-03-16 05-48-48.102.png,,,,,,,,,,
/Users/ks1v/Stage/movie-screenshots/Testament (1983),Testament.webdl.mkv_01_01_152024-03-16 05-24-31.451.png,,,,,,,,,,
/Users/ks1v/Stage/movie-screenshots/Testament (1983),Testament.webdl.mkv_01_20_402024-03-16 05-45-03.491.png,,,,,,,,,,
/Users/ks1v/Stage/movie-screenshots/Testament (1983),Testament.webdl.mkv_01_24_192024-03-16 05-48-53.412.png,,,,,,,,,,
/Users/ks1v/Stage/movie-screenshots/Testament (1983),Testament.webdl.mkv_00_13_532024-03-16 04-36-03.846.png,,,,,,,,,,
/Users/ks1v/Stage/movie-screenshots/Testament (1983),Testament.webdl.mkv_00_52_172024-03-16 05-17-37.134.png,,,,,,,,,,
/Users/ks1v/Stage/movie-screenshots/Testament (1983),Testament.webdl.mkv_00_07_042024-03-16 04-29-15.243.png,,,,,,,,,,
/Users/ks1v/Stage/movie-screenshots/Testament (1983),Testament.webdl.mkv_00_18_412024-03-16 04-40-52.597.png,,,,,,,,,,
/Users/ks1v/Stage/movie-screenshots/Testament (1983),Testament.webdl.mkv_00_37_212024-03-16 05-01-39.301.png,,,,,,,,,,
/Users/ks1v/Stage/movie-screenshots/Testament (1983),Testament.webdl.mkv_00_32_152024-03-16 04-56-02.221.png,,,,,,,,,,
/Users/ks1v/Stage/movie-screenshots/Testament (1983),Testament.webdl.mkv_00_19_242024-03-16 04-42-14.914.png,,,,,,,,,,
/Users/ks1v/Stage/movie-screenshots/Testament (1983),Testament.webdl.mkv_00_37_322024-03-16 05-01-50.787.png,,,,,,,,,,
/Users/ks1v/Stage/movie-screenshots/Testament (1983),Testament.webdl.mkv_01_24_172024-03-16 05-48-51.326.png,,,,,,,,,,
/Users/ks1v/Stage/movie-screenshots/Testament (1983),Testament.webdl.mkv_00_36_232024-03-16 05-00-41.359.png,,,,,,,,,,
/Users/ks1v/Stage/movie-screenshots/Testament (1983),Testament.webdl.mkv_00_22_422024-03-16 04-46-09.059.png,,,,,,,,,,
/Users/ks1v/Stage/movie-screenshots/Testament (1983),Testament.webdl.mkv_00_39_222024-03-16 05-03-50.453.png,,,,,,,,,,
/Users/ks1v/Stage/movie-screenshots/Testament (1983),Testament.webdl.mkv_00_53_222024-03-16 05-19-03.505.png,,,,,,,,,,
/Users/ks1v/Stage/movie-screenshots/Testament (1983),Testament.webdl.mkv_00_19_142024-03-16 04-42-01.727.png,,,,,,,,,,
/Users/ks1v/Stage/movie-screenshots/Testament (1983),Testament.webdl.mkv_00_19_272024-03-16 04-42-18.625.png,,,,,,,,,,
/Users/ks1v/Stage/movie-screenshots/Testament (1983),Testament.webdl.mkv_01_06_472024-03-16 05-30-06.983.png,,,,,,,,,,
/Users/ks1v/Stage/movie-screenshots/Testament (1983),Testament.webdl.mkv_01_18_342024-03-16 05-42-57.499.png,,,,,,,,,,
/Users/ks1v/Stage/movie-screenshots/Testament (1983),Testament.webdl.mkv_01_20_282024-03-16 05-44-51.526.png,,,,,,,,,,
/Users/ks1v/Stage/movie-screenshots/Testament (1983),Testament.webdl.mkv_01_05_312024-03-16 05-29-10.257.png,,,,,,,,,,
/Users/ks1v/Stage/movie-screenshots/Testament (1983),Testament.webdl.mkv_00_36_272024-03-16 05-00-45.661.png,,,,,,,,,,
/Users/ks1v/Stage/movie-screenshots/Testament (1983),Testament.webdl.mkv_01_11_362024-03-16 05-34-17.836.png,,,,,,,,,,
/Users/ks1v/Stage/movie-screenshots/Testament (1983),Testament.webdl.mkv_00_49_112024-03-16 05-14-21.428.png,,,,,,,,,,
/Users/ks1v/Stage/movie-screenshots/Testament (1983),Testament.webdl.mkv_00_19_302024-03-16 04-42-23.506.png,,,,,,,,,,
/Users/ks1v/Stage/movie-screenshots/Testament (1983),Testament.webdl.mkv_00_13_512024-03-16 04-36-01.346.png,,,,,,,,,,
/Users/ks1v/Stage/movie-screenshots/Testament (1983),Testament.webdl.mkv_00_25_552024-03-16 04-49-32.136.png,,,,,,,,,,
/Users/ks1v/Stage/movie-screenshots/Testament (1983),Testament.webdl.mkv_01_03_142024-03-16 05-26-39.516.png,,,,,,,,,,
/Users/ks1v/Stage/movie-screenshots/Testament (1983),Testament.webdl.mkv_00_36_152024-03-16 05-00-33.867.png,,,,,,,,,,
/Users/ks1v/Stage/movie-screenshots/Testament (1983),Testament.webdl.mkv_01_01_182024-03-16 05-24-33.784.png,,,,,,,,,,
/Users/ks1v/Stage/movie-screenshots/Testament (1983),Testament.webdl.mkv_00_13_572024-03-16 04-36-07.439.png,,,,,,,,,,
/Users/ks1v/Stage/movie-screenshots/Testament (1983),Testament.webdl.mkv_00_22_072024-03-16 04-45-34.113.png,,,,,,,,,,
/Users/ks1v/Stage/movie-screenshots/Testament (1983),Testament.webdl.mkv_00_22_452024-03-16 04-46-11.935.png,,,,,,,,,,
/Users/ks1v/Stage/movie-screenshots/Testament (1983),Testament.webdl.mkv_00_00_382024-03-16 04-22-48.735.png,,,,,,,,,,
/Users/ks1v/Stage/movie-screenshots/Testament (1983),Testament.webdl.mkv_01_22_352024-03-16 05-47-10.167.png,,,,,,,,,,
/Users/ks1v/Stage/movie-screenshots/Testament (1983),Testament.webdl.mkv_00_19_432024-03-16 04-42-35.973.png,,,,,,,,,,
/Users/ks1v/Stage/movie-screenshots/Testament (1983),Testament.webdl.mkv_00_19_542024-03-16 05-37-36.794.png,,,,,,,,,,
/Users/ks1v/Stage/movie-screenshots/Testament (1983),Testament.webdl.mkv_00_19_512024-03-16 04-42-44.614.png,,,,,,,,,,
/Users/ks1v/Stage/movie-screenshots/Testament (1983),Testament.webdl.mkv_01_06_552024-03-16 05-30-24.703.png,,,,,,,,,,
/Users/ks1v/Stage/movie-screenshots/Testament (1983),Testament.webdl.mkv_00_27_502024-03-16 04-51-27.442.png,,,,,,,,,,
/Users/ks1v/Stage/movie-screenshots/Testament (1983),Testament.webdl.mkv_01_15_262024-03-16 05-39-49.581.png,,,,,,,,,,
/Users/ks1v/Stage/movie-screenshots/Testament (1983),Testament.webdl.mkv_01_14_322024-03-16 05-39-05.248.png,,,,,,,,,,
/Users/ks1v/Stage/movie-screenshots/Testament (1983),Testament.webdl.mkv_00_59_122024-03-16 05-22-59.990.png,,,,,,,,,,
/Users/ks1v/Stage/movie-screenshots/Testament (1983),Testament.webdl.mkv_00_31_062024-03-16 04-54-54.004.png,,,,,,,,,,
/Users/ks1v/Stage/movie-screenshots/Testament (1983),Testament.webdl.mkv_00_21_002024-03-16 04-44-21.834.png,,,,,,,,,,
/Users/ks1v/Stage/movie-screenshots/Testament (1983),Testament.webdl.mkv_00_13_492024-03-16 04-36-00.147.png,,,,,,,,,,
/Users/ks1v/Stage/movie-screenshots/Testament (1983),Testament.webdl.mkv_00_19_152024-03-16 04-42-03.260.png,,,,,,,,,,
/Users/ks1v/Stage/movie-screenshots/Testament (1983),Testament.webdl.mkv_01_19_272024-03-16 05-43-51.414.png,,,,,,,,,,
/Users/ks1v/Stage/movie-screenshots/Testament (1983),Testament.webdl.mkv_00_22_482024-03-16 04-46-14.398.png,,,,,,,,,,
/Users/ks1v/Stage/movie-screenshots/Testament (1983),Testament.webdl.mkv_00_19_122024-03-16 04-41-59.969.png,,,,,,,,,,
/Users/ks1v/Stage/movie-screenshots/Testament (1983),Testament.webdl.mkv_01_04_592024-03-16 05-28-38.049.png,,,,,,,,,,
/Users/ks1v/Stage/movie-screenshots/Testament (1983),Testament.webdl.mkv_01_14_222024-03-16 05-38-54.680.png,,,,,,,,,,
/Users/ks1v/Stage/movie-screenshots/Testament (1983),Testament.webdl.mkv_01_20_082024-03-16 05-44-31.525.png,,,,,,,,,,
/Users/ks1v/Stage/movie-screenshots/Testament (1983),Testament.webdl.mkv_00_22_032024-03-16 04-45-29.630.png,,,,,,,,,,
/Users/ks1v/Stage/movie-screenshots/Testament (1983),Testament.webdl.mkv_00_21_582024-03-16 04-45-25.144.png,,,,,,,,,,
/Users/ks1v/Stage/movie-screenshots/Testament (1983),Testament.webdl.mkv_01_03_502024-03-16 05-27-18.661.png,,,,,,,,,,
/Users/ks1v/Stage/movie-screenshots/Testament (1983),Testament.webdl.mkv_01_06_382024-03-16 05-29-57.772.png,,,,,,,,,,
/Users/ks1v/Stage/movie-screenshots/Testament (1983),Testament.webdl.mkv_00_19_582024-03-16 04-42-59.350.png,,,,,,,,,,
/Users/ks1v/Stage/movie-screenshots/Testament (1983),Testament.webdl.mkv_00_19_342024-03-16 04-42-27.769.png,,,,,,,,,,
/Users/ks1v/Stage/movie-screenshots/Testament (1983),Testament.webdl.mkv_01_23_052024-03-16 05-47-39.790.png,,,,,,,,,,
/Users/ks1v/Stage/movie-screenshots/Testament (1983),Testament.webdl.mkv_00_25_542024-03-16 04-49-30.852.png,,,,,,,,,,
/Users/ks1v/Stage/movie-screenshots/Testament (1983),Testament.webdl.mkv_01_02_332024-03-16 05-25-58.227.png,,,,,,,,,,
/Users/ks1v/Stage/movie-screenshots/Testament (1983),Testament.webdl.mkv_01_22_052024-03-16 05-46-39.603.png,,,,,,,,,,
/Users/ks1v/Stage/movie-screenshots/Testament (1983),Testament.webdl.mkv_01_20_102024-03-16 05-44-34.250.png,,,,,,,,,,
/Users/ks1v/Stage/movie-screenshots/Testament (1983),Testament.webdl.mkv_00_31_002024-03-16 04-54-47.365.png,,,,,,,,,,
/Users/ks1v/Stage/movie-screenshots/Testament (1983),Testament.webdl.mkv_00_22_012024-03-16 04-45-28.012.png,,,,,,,,,,
/Users/ks1v/Stage/movie-screenshots/Testament (1983),Testament.webdl.mkv_01_26_422024-03-16 05-51-27.828.png,,,,,,,,,,
/Users/ks1v/Stage/movie-screenshots/Testament (1983),Testament.webdl.mkv_00_37_132024-03-16 05-01-31.453.png,,,,,,,,,,
/Users/ks1v/Stage/movie-screenshots/Testament (1983),Testament.webdl.mkv_01_06_582024-03-16 05-30-28.217.png,,,,,,,,,,
/Users/ks1v/Stage/movie-screenshots/Testament (1983),Testament.webdl.mkv_01_15_192024-03-16 05-39-43.361.png,,,,,,,,,,
/Users/ks1v/Stage/movie-screenshots/Testament (1983),Testament.webdl.mkv_00_27_462024-03-16 04-51-23.093.png,,,,,,,,,,
/Users/ks1v/Stage/movie-screenshots/Testament (1983),Testament.webdl.mkv_01_13_152024-03-16 05-36-10.321.png,,,,,,,,,,
/Users/ks1v/Stage/movie-screenshots/Testament (1983),Testament.webdl.mkv_00_53_242024-03-16 05-19-05.706.png,,,,,,,,,,
/Users/ks1v/Stage/movie-screenshots/Testament (1983),Testament.webdl.mkv_00_57_522024-03-16 05-22-25.885.png,,,,,,,,,,
/Users/ks1v/Stage/movie-screenshots/Testament (1983),Testament.webdl.mkv_00_59_072024-03-16 05-22-52.991.png,,,,,,,,,,
/Users/ks1v/Stage/movie-screenshots/Testament (1983),Testament.webdl.mkv_00_18_422024-03-16 04-40-54.016.png,,,,,,,,,,
/Users/ks1v/Stage/movie-screenshots/Testament (1983),Testament.webdl.mkv_01_08_262024-03-16 05-30-57.803.png,,,,,,,,,,
/Users/ks1v/Stage/movie-screenshots/Testament (1983),Testament.webdl.mkv_01_16_452024-03-16 05-41-08.736.png,,,,,,,,,,
/Users/ks1v/Stage/movie-screenshots/Testament (1983),Testament.webdl.mkv_00_19_412024-03-16 04-42-34.140.png,,,,,,,,,,
/Users/ks1v/Stage/movie-screenshots/Testament (1983),Testament.webdl.mkv_00_22_232024-03-16 04-45-49.588.png,,,,,,,,,,
/Users/ks1v/Stage/movie-screenshots/Testament (1983),Testament.webdl.mkv_00_25_482024-03-16 04-49-25.185.png,,,,,,,,,,
/Users/ks1v/Stage/movie-screenshots/Testament (1983),Testament.webdl.mkv_00_19_372024-03-16 04-42-30.344.png,,,,,,,,,,
/Users/ks1v/Stage/movie-screenshots/Testament (1983),Testament.webdl.mkv_00_52_522024-03-16 05-18-22.852.png,,,,,,,,,,
/Users/ks1v/Stage/movie-screenshots/Testament (1983),Testament.webdl.mkv_00_21_552024-03-16 04-45-22.007.png,,,,,,,,,,
/Users/ks1v/Stage/movie-screenshots/Testament (1983),Testament.webdl.mkv_00_49_142024-03-16 05-14-24.423.png,,,,,,,,,,
/Users/ks1v/Stage/movie-screenshots/Testament (1983),Testament.webdl.mkv_00_22_262024-03-16 04-45-52.655.png,,,,,,,,,,
/Users/ks1v/Stage/movie-screenshots/Testament (1983),Testament.webdl.mkv_01_22_522024-03-16 05-47-26.239.png,,,,,,,,,,
/Users/ks1v/Stage/movie-screenshots/Testament (1983),Testament.webdl.mkv_01_13_592024-03-16 05-38-31.737.png,,,,,,,,,,
/Users/ks1v/Stage/movie-screenshots/Testament (1983),Testament.webdl.mkv_01_05_172024-03-16 05-28-56.114.png,,,,,,,,,,
/Users/ks1v/Stage/movie-screenshots/Testament (1983),Testament.webdl.mkv_01_02_002024-03-16 05-25-23.451.png,,,,,,,,,,
